S.No,Title,Name,Description,Date,Rating
1,Not Available,Miriam,They are early in more days. Thank you.,"July 31, 2021",5.0
2,Always the best,Susan,Why wouldn't anyone like this item? Especially now.,"July 31, 2021",5.0
3,Very nice deal reasonably priced,Adrienne,Such a good deal love being stocked up,"July 30, 2021",5.0
4,Not Available,Ghaziani,These are very good for class rooms.,"July 30, 2021",5.0
5,Not Available,Jessica,I like these Clorox wipes for cleaning the bathroom. And they are requested on daughters school supply list.,"July 30, 2021",5.0
6,Hands Down The Best Wipe Ever!,Alicia,Clorox products are always the best choice. No strong scent. No irritants. Highly recommend,"July 28, 2021",5.0
7,Not Available,Fiesta,Nothing like Clorox products,"July 28, 2021",5.0
8,I'll need a refund.  It's got to be our hot temps?,June,all the liquid was drained out of all three containers and the paper was peeling off the sides of each of them by the time and took the outer plastic off.  They must have tipped inside of the box or got too hot inside the truck or something.  I'm not sure.,"July 27, 2021",1.0
9,The real deal,Nene,The real deal. Its effective,"July 27, 2021",5.0
10,Excellent,Kathleen,"Great price, product and service","July 26, 2021",5.0
11,Highly recommend,Mallazine,Cleans hard to clean surfaces,"July 26, 2021",5.0
12,Not Available,Anna,Great price for the product,"July 24, 2021",5.0
13,Not Available,Walmartcustomer,"Stock up now,  round 2 will be starting soon","July 24, 2021",5.0
14,Great for cleaning.,Momm,Great to be able to get Clorex wipes again.,"July 24, 2021",5.0
15,Super Clorox,Gunn,"Love these, easy disinfecting and clean ups","July 24, 2021",5.0
16,clorox the wonder product for many uses,T,"love clrox wipes/clorox products keeps everthing smelling fresh/clean comes in bulk pgk,different fragances at resoniuble price","July 23, 2021",5.0
17,Not Available,Joyce,All three packs of wipes leaked and the outsides of the containers were so wet that the lablels were coming off.,"July 23, 2021",1.0
18,Not Available,Linda,This a good buy did feel like going out that week in because weather reason Im the house have everything at hand an a good buy,"July 23, 2021",5.0
19,Not Available,Maggy74,Ive used these before and they work for me.great,"July 23, 2021",5.0
20,Not Available,Me,"goid deal though inflation has upped everything, speedy shipment.","July 22, 2021",5.0
21,Not Available,Miriam,They are early in more days. Thank you.,"July 31, 2021",5.0
22,Always the best,Susan,Why wouldn't anyone like this item? Especially now.,"July 31, 2021",5.0
23,Very nice deal reasonably priced,Adrienne,Such a good deal love being stocked up,"July 30, 2021",5.0
24,Not Available,Ghaziani,These are very good for class rooms.,"July 30, 2021",5.0
25,Not Available,Jessica,I like these Clorox wipes for cleaning the bathroom. And they are requested on daughters school supply list.,"July 30, 2021",5.0
26,Hands Down The Best Wipe Ever!,Alicia,Clorox products are always the best choice. No strong scent. No irritants. Highly recommend,"July 28, 2021",5.0
27,Not Available,Fiesta,Nothing like Clorox products,"July 28, 2021",5.0
28,I'll need a refund.  It's got to be our hot temps?,June,all the liquid was drained out of all three containers and the paper was peeling off the sides of each of them by the time and took the outer plastic off.  They must have tipped inside of the box or got too hot inside the truck or something.  I'm not sure.,"July 27, 2021",1.0
29,The real deal,Nene,The real deal. Its effective,"July 27, 2021",5.0
30,Excellent,Kathleen,"Great price, product and service","July 26, 2021",5.0
31,Highly recommend,Mallazine,Cleans hard to clean surfaces,"July 26, 2021",5.0
32,Not Available,Anna,Great price for the product,"July 24, 2021",5.0
33,Not Available,Walmartcustomer,"Stock up now,  round 2 will be starting soon","July 24, 2021",5.0
34,Great for cleaning.,Momm,Great to be able to get Clorex wipes again.,"July 24, 2021",5.0
35,Super Clorox,Gunn,"Love these, easy disinfecting and clean ups","July 24, 2021",5.0
36,clorox the wonder product for many uses,T,"love clrox wipes/clorox products keeps everthing smelling fresh/clean comes in bulk pgk,different fragances at resoniuble price","July 23, 2021",5.0
37,Not Available,Joyce,All three packs of wipes leaked and the outsides of the containers were so wet that the lablels were coming off.,"July 23, 2021",1.0
38,Not Available,Linda,This a good buy did feel like going out that week in because weather reason Im the house have everything at hand an a good buy,"July 23, 2021",5.0
39,Not Available,Maggy74,Ive used these before and they work for me.great,"July 23, 2021",5.0
40,Not Available,Me,"goid deal though inflation has upped everything, speedy shipment.","July 22, 2021",5.0
41,Finally in stock,Ester,"Love anything Clorox use products all the time for years.
Since Covid shortage","July 22, 2021",5.0
42,Not Available,Mike,Easy to use and effective.,"July 20, 2021",5.0
43,Not Available,Freebird16,I Love these. Even cleans glass,"July 19, 2021",5.0
44,Not Available,Lucretia,Everything was well received,"July 18, 2021",5.0
45,These Clorox wipes don't,Lilyc85,These Clorox wipes don't have a good sent but they do clean object really good.These wipes stay wet for a while so you can clean multiple surfaces.,"July 18, 2021",5.0
46,Not Available,Debra,Very handy to have in house.,"July 18, 2021",5.0
47,Satisfied,Audrey,Very good  I recommend it to others,"July 18, 2021",5.0
48,Leaked all in the box,Walmartcustomer,Leaked out in the box. Just go buy it from the store yourself,"July 17, 2021",1.0
49,Not Available,Patrice,Love the scent of Clorox wipes versus Lysol..Great buy..Very pleased.,"July 15, 2021",5.0
50,Not Available,None,okay but all thing did not come.,"July 14, 2021",4.0
51,Not Available,Rt,Great price and convenience! Thx!,"July 14, 2021",5.0
52,Not Available,Christmasshopper,"Love the fact that I can finally get them again.  They work great, smell better and have a better texture than other brands.","July 14, 2021",5.0
53,Excellent for cleaning,Meechie,"Cleans very well, especially for spot cleaning, or if youre in a hurry","July 14, 2021",5.0
54,The Clorox Disinfecting Wipes,Maribelg42,The Clorox Disinfecting Wipes help to maintain the bathroom and the kitchen very clean .I used it every day for the lid of the toilet and I like very much.,"July 14, 2021",5.0
55,Not Available,Debra,Containers of wipes were dented and must have leaked cleaner liquid because Clorox labels were peeled off containers.,"July 13, 2021",1.0
56,Not Available,Pilu,It cleans everything in the bathroom so good,"July 13, 2021",5.0
57,We use these all,Jenniferm805,We use these all over my house for all surfaces door handles counters light switches etc. due to my youngest child being prone to sickness we have to always be safe and take precautions on everything we do so we stand behind this product,"July 12, 2021",5.0
58,Disinfecting wipes,Margo,Love them. So hard to find.,"July 12, 2021",5.0
59,Best wipes. It cleans,Zuhraa_x,Best wipes. It cleans and disinfects. It also picks up my cats hairs from the counters. This is my go to disinfecting wipes. Also they don't dry out!,"July 11, 2021",5.0
60,Not Available,Patty,Always used wipes for clean ups. Finally we can buy them again!,"July 11, 2021",5.0
61,Awesome wipes work great,Catieh14,Awesome wipes work great especially during covid! Whole family loves them. Lemon scent is perfect. Use this for everything!,"July 11, 2021",5.0
62,Love the scent and,Mariap678,Love the scent and how clean my counters are. I feel safe using it. Price is right for quantity of wipes.,"July 10, 2021",5.0
63,This one is actually,Katherinef70,This one is actually my favorite. Mine was super moist and wipes very good. I like the clean scent that it has also. I like to keep one in my car to wipe the gas pump handles down and also one in my kitchen to wipe the counter that I cooked anywhere with meat. I would recommend this.,"July 10, 2021",5.0
64,I absolutely love these,Brittanyy21,I absolutely love these for a quick cleanup. I find using individual wipes to be more sanitary than reusing a rag. I wish they made wipes specifically for cleaning wood though. Great product for the price because it takes the place of several cleaning products I would use on hard non porous surfaces. These are definitely a regular on my shopping list.,"July 10, 2021",5.0
65,Good for the house,Lizziem37,Good for the house it keeps baby  an family  from getting sick are catch bacteria form the house an kep germ away .  texting  the product form at the house,"July 10, 2021",4.0
66,Clorox disinfecting wipes,Maguro,"I only use Clorox disinfecting wipes,  it is the best!","July 9, 2021",5.0
67,Damaged containers.,Deborah,my containers were smashed in and the lids were all cracked. I am very unhappy. SMH,"July 8, 2021",1.0
68,Not Available,April,"my go to wipes for quick cleaning, and sanitizing","July 8, 2021",5.0
69,Already did a review,Musicmovesme2000,Already did a review on this but it wants another lol love these wipes. I posted a life hack for removing mildew with these if anyone is interested. Just check out my page :),"July 7, 2021",5.0
70,These are the BOMB!!,Chadr2,These are the BOMB!! I use Clorox wipes on virtually everything. I keep 3 or 4 of these stocked in the pantry at all times. Cleans just about anything you need to have cleaned and leaves it germ free.,"July 7, 2021",5.0
71,Household staple. It was,Cassidyg32,"Household staple. It was so hard for me to not be able to find these during the pandemic. I would buy literally anything just so I had something, but nothing is even comparable to REAL Clorox wipes. So glad they are finally back in stock everywhere!!!","July 7, 2021",5.0
72,Would be great for,Katier203,Would be great for all and any messes with satisfaction of knowing ur going to be germ free to I probably over use them but I hate germs,"July 6, 2021",5.0
73,Must have,Oscar,Great product always on my list,"July 6, 2021",5.0
74,Not Available,Cheryll,Cant get along without this!,"July 6, 2021",5.0
75,These wipes are fabulous,Lisae64,These wipes are fabulous ! I tried to stock up best I could beginning of pandemic knowing they would be the best way of disinfecting ! These wipes never fail to impress how long they last how much use and sturdy just one wipe is ! Definitely will continue to buy !,"July 5, 2021",5.0
76,I love this product.,Carab50,I love this product. Having a baby there is always a mess to clean up and being able to grab a wipe that kills germs instead of getting out a spray and having to get paper towels while holding a newborn really makes it easy. Love love love these,"July 4, 2021",5.0
77,good wipes,Hoogerland,plenty of liquid cleaner; they don't dry out over time,"July 4, 2021",5.0
78,Good product,Shopper48,I use these for everything.,"July 3, 2021",5.0
79,Not Available,Mrpete50,Much better than the discount junk from china.,"July 1, 2021",5.0
80,Not Available,Bunnie,Handy for clean ups in the car fresh smelling,"June 30, 2021",5.0
81,Not Available,Richard,MY ONLY CHOICE THERE IS NO OTHER OPTION,"June 30, 2021",5.0
82,Not Available,Jackie,You can always trust Clorox. Period.,"June 29, 2021",5.0
83,Clorox Wipes,Leanne,An excellent cleaning product.,"June 29, 2021",5.0
84,Great,Old2thumbs,[This review was collected as part of a promotion.] Clorox is the only way to get the job done right the first time!!,"June 28, 2021",5.0
85,Not Available,Beth,bottle leaked all liquid out..,"June 27, 2021",1.0
86,Clorox Wipes Cleans My Kitchen!,Karen,Been using them for years to clean up grimy stove top!  I could make an ad I love using them so much!,"June 26, 2021",5.0
87,Good,Crisal,Always trust Clorox to clean and disinfect,"June 26, 2021",5.0
88,Boyfriend luvs it!,Jennyz,I wipe  down my VaJayjay every day with it.Feel confident and fresh!!!,"June 24, 2021",5.0
89,Great buy!,Nicole,These are so handy for quick clean ups and disinfectant. We use these daily in our home,"June 24, 2021",5.0
90,Not Available,Diana,I absolutely loved everything I purchased h,"June 24, 2021",5.0
91,Not Available,Debra,That was quick.... Thank you.,"June 23, 2021",5.0
92,puzzled,Northwoods50,"I love the product, but upon latest delivery there was no 'juice' in the bottom of the container - for all of them.  The wrappers were all wet and so had to remove them all.  For now the first container is fine, but I'm guessing it will dry up before we use them up.   Disappointed","June 23, 2021",3.0
93,Easy to use,Benteng,Pretty good .These Clorox wipes are the only cleaning wipes we'll use. Very strong cleaning power,"June 23, 2021",5.0
94,Classic household product!,Leah,Always a classic and delivered to our house!,"June 21, 2021",5.0
95,get it soon,Zakiya,awesome deal especially during Covid,"June 21, 2021",4.0
96,Quick cleanup,Judith,Keep these handy in the bathroom for a quick clean up.  Must have for our bathroom,"June 19, 2021",5.0
97,Walmart cheaper and faster than Amazon,Calvin,Price half of Amazon - delivered next day!!,"June 17, 2021",5.0
98,Not Available,Walmartcustomer,The clorox wipes were dented and liquid had spilled out.,"June 14, 2021",2.0
99,Long laster,Davey,"I've been using this product for over 45 years. It never disappoints. It has changed over the years, gotten weaker but it still does the job well","June 14, 2021",5.0
100,My number one cleaner!,Idonotwantto,Nothing compares to Clorox.,"June 13, 2021",5.0
101,Not Available,Kelli,"Arrived very Quickly. Love using the online shopping, so easy. And  it's so I don't tempt to buy other than just what i need.","June 13, 2021",5.0
102,Good product,Kim,"Used for many many years, just wish the didn't dry out so quickly.","June 12, 2021",4.0
103,Not Available,Connie,I USE THESE ALWAYS. VERY HANDY FOR QUICK CLEANING.,"June 11, 2021",5.0
104,Not Available,Roxie,"I like the smell of the bleach, because it makes it smells fresh and clean especially if you have to travel and stay out of town.","June 11, 2021",5.0
105,Great product!!,Yanet,We tend to keep these all the time. They clean great.,"June 10, 2021",5.0
106,Not Available,Elaine,I always liked theses wipes for fast sanitizing and I always  like Clorox products in all my sanitizing because it works,"June 10, 2021",5.0
107,The best wipes ever!,Marie,I use these likes for multiple of things. It really is a great product. That's delivery.,"June 9, 2021",5.0
108,Great product,Jean,"Some of containers were damaged. The tops were smashed in.
Put them in old containers I have.","June 8, 2021",5.0
109,Not Available,Lisa,love um great value use um all the time would buy again,"June 7, 2021",5.0
110,The Best,Blndaly,Haven't  found this  in a year.,"June 7, 2021",5.0
111,Goodbye germs,Jns0,These are exactly as I expected them to be. I'm glad they shipped fast. They are convenient for disinfecting surfaces quickly. I marked it down one because it would be nice if they closed better. The containers leak if tipped.,"June 7, 2021",4.0
112,Not Available,Paul,This is a good product for cleaning,"June 6, 2021",5.0
113,Not Available,Monica,I use these every single day. They're great when cleaning my cats litter box. I also use them to wipe down the tub after every bath and so does the rest of the family.,"June 6, 2021",5.0
114,The best brand of disinfecting wipes,1happycustomer,The best disinfecting wipes I know. I feel assured when I use this brand of wipes to disinfect anything.,"June 6, 2021",5.0
115,Not sturdy,Cheriebfl,This is not for children or rough adults. My 12 yr old daughter had this for 3 weeks before the front of two drawers fell off.,"June 5, 2021",3.0
116,Not Available,Robin,Very disappointed. They where smashed and leaking.,"June 5, 2021",1.0
117,Not Available,Juan,very happy i was able to get!,"June 4, 2021",5.0
118,Not Available,Melissa,nice wet wipes with a nice smell,"June 4, 2021",5.0
119,Not Available,Liliana,"Easy to use, I keep a canister for each floor, very handy.","June 4, 2021",5.0
120,Not Available,Bostonlover,"Love the wipes, not the delivery.  Came in an envelope and they leaked all over to the point where all the labels were soaked and came right off the containers had to dry them all and now hoping they just leaked and no holes in any of them.","June 2, 2021",5.0
121,Better than Lysol wipes,Razikx,"These are honestly better wipes than the Lysol ones. They are both great but I choose this over Lysol any day. I think the quality of the wipes on these are better , they just feel like they handle more wipes before they start to fray a bit","June 2, 2021",5.0
122,Efficient,Miguelina,Really good items and the best quality.,"June 1, 2021",5.0
123,CLOROX WIPES,Gg,WKS WELL IN BATHROOMS AND KITCHEN,"May 31, 2021",5.0
124,Not Available,Marie,The wipes was dried up unfortunately,"May 30, 2021",1.0
125,Not Available,Norma,So glad these are available again,"May 29, 2021",5.0
126,i love  it,Jonathan,"i loveClorox Disinfecting Wipes, (225 Count Value Pack), Crisp Lemon and Fresh Scent - 3 Pack - 75 Count Each","May 28, 2021",5.0
127,Quickly and easy way to clean.,Walmartcustomer,"Was so glad to be able to get a pack of these while we were moving recently. We were able to quickly clean the cab of the moving truck, knobs and the bathroom where we were staying overnight, and yo clean the new place quickly and easily.","May 26, 2021",5.0
128,Not Available,Milagros,The problem is that when I received the wipes the containers were all wet. The containers Were not sealed,"May 26, 2021",3.0
129,Great wipes to clean,Regina,"These are great wipes!
When you need to wipe your countertops down and make sure you have cleaned and killed germs? They are the wipes you want!
Love them!
They are affordable too!","May 25, 2021",5.0
130,Very  good.,Elvia,"It really helps disinfect everything, especially  cause of the Covid-19.","May 23, 2021",5.0
131,Lysol makes the best cleaning products,Joann,Works great. Great price and customer service.,"May 22, 2021",5.0
132,Clorox Wipes great products,Karen,"Love this product, smells good and makes me feel that things are at cleaner.","May 21, 2021",5.0
133,It's Clorox. It's good.,Judy,It's Clorox. Of course it's good. I use these in routine cleaning all the time. They are convenient and they get the job done.,"May 20, 2021",5.0
134,Not Available,Sherry,"delivery fast, this is the only wipe I use for my family","May 18, 2021",5.0
135,"Clorox Disinfecting Wipes, (225 Count Value Pack),",Lindugas,I have been using these for YEARS prior to this Pandemic. I used to by them in the 3 pack at a Wholesale store.  But the inability to obtain over the past year was frustrating.  I am so glad I can now get these to wipe down all surfaces in bath and kitchen with the safe feeling I get from using Clorox products .,"May 17, 2021",5.0
136,Great product,Gazelle,"Great product , do the job. Price fair (?)","May 16, 2021",5.0
137,wipes,Carmenbabysweet,very thin wipes. it use to be thick wipes,"May 16, 2021",1.0
138,Ok,Angelina,Came late in afternoon  ! We are Disable and don't like to go out of the fence when it starts getting dark . We are also Elderly and we don't trust strangers .,"May 16, 2021",4.0
139,price,Julia,keeping surfaces sanitary from virus is definitely worth it. not bad 3 of them for the price of 10$ and it's quantity,"May 15, 2021",5.0
140,Disinfectant Wipes,Franniefrance,Perfect! For Small Areas to Disinfect,"May 15, 2021",5.0
141,I have been waiting!!,Willanda,"I have been waiting for these to come back in regular supply since the pandemic!! 
This  disinfects well and works well with other cleaning products like Clorox clean up.  I would recommend this product to family and friends.","May 15, 2021",5.0
142,Value for money,Walmartcustomer,"I am so happy, finally, the general public has the ability to purchase cleaning products again. It was so difficult to buy them. The wipes are easy to take out. I used it for clean kids toys, doors, TV tables, counter tops in kitchen and bathrooms. Bonus point: kills COVID-19 VIRUS!","May 13, 2021",5.0
143,My FAVORITE SCENT,Cheryl,I LOVE THESE MY FAVORITE PRODUCT,"May 10, 2021",5.0
144,Not Available,Msbea,Glad they finally got some in the stores!,"May 9, 2021",5.0
145,Positive!,Marfendra,Love having these on hand!  Company coming?  A quick swipe or two spiffs up the bathroom quickly and smells so clean!,"May 9, 2021",5.0
146,Great For Your Family,Nelle,"My family and I have been using these Clorox disinfecting wipes for years. We trust Clorox to protect us against bacteria, germs and viruses. We use these in every part of our home. Door knobs, the bathroom, the kitchen and even wiping down the kids toys. Leaves everything clean and smelling nice. The lemon scent is my absolute favorite. Makes the whole area smell like you've spent a hours cleaning. Works great on the stove too. Easily breaks down and wipes up grease and other touch splatters and spills like tomato sauce. We've really counted on these the last two years to keep us safe and I am happy to report we have stayed safe and haven't been sick the entire two years. For that, I am very thankful to Clorox.","May 8, 2021",5.0
147,Not Available,Angelita,I am glad I was finally able to purchase this merchandise  after months of trying to buy disinfectant  wipes.,"May 8, 2021",5.0
148,Not Available,William,"Excellent product, packaged well.","May 8, 2021",5.0
149,Great for cleaning and sanitizing.,Sally,"Super for cleaning and sanitizing, takes care of small spills.","May 7, 2021",5.0
150,Not Available,Karmo,"The best cleaning the counter, doorknobs , sink , toilet seats and whatever else you need for cleaning, wipes","May 5, 2021",5.0
151,Finally back in stock!,Karen,These clean well and also disinfect.,"May 3, 2021",5.0
152,I Hate This New Product,I have no nickname,"[This review was collected as part of a promotion.] Where are my original Clorox Wipes?  Not the kind that are 'disinfecting wipes';  that is peroxide and that does not clean the way I like.  I know, I know.  It SAYS that it kills COVID-19.  I don't care.  I simply want to clean my kitchen and my bathrooms.I have used and currently use a LOT of Clorox products.  Just bring back the Wipes and get rid of the imitations.","May 3, 2021",1.0
153,Not like it was before,Candi,It is alot thinner than before and there is no scrubbing textures,"May 3, 2021",4.0
154,"clorox, the best",Bbc,"The best, it's clorox..  Lucky to get them","May 2, 2021",5.0
155,Not Available,Anna,"Got a 3 pack for less than $ 10.00. Had been having difficulty getting these disinfecting wipes, Great that I was able to get some at Walmart and at a good price.","April 30, 2021",5.0
156,Love these wipes,C cochran,[This review was collected as part of a promotion.] I bought these last week and LOVE them. I have 3 boys and these are very handy. I use them in my bathrooms daily.,"April 30, 2021",5.0
157,Not Available,Louise,Always use these Thankful I can purchase them at Walmart and have them delivered at a great price,"April 29, 2021",5.0
158,Not Available,Cheryl,Great Value for one of the best disinfecting wipes they are. Wipes are very strong.,"April 29, 2021",5.0
159,Sanitizes To My Satisfaction,Likeshrimp,What can you say about wipes these make me feel secure when cleaning my home,"April 29, 2021",5.0
160,Easy Cleanup,Gennett,"I use Clorox most of the time. I find this product to be an easy clean up, very convenient.","April 28, 2021",5.0
161,Clorox wipes,Cheryl,Glad to have them back on the shelves after having to make my own for over a year.,"April 28, 2021",5.0
162,Everyone needs wipes,Melissa,Who dont need these!!! My favorite brand of disinfectant wipes! I got 3 packs now!,"April 28, 2021",5.0
163,"Clorox Disinfecting Wipes, (225",Muthamouth,Great disinfectant ! Grab,"April 27, 2021",5.0
164,Clorox Wipes,Springer,Clorox wipes have a rough texture on one side that makes a difference!!!!,"April 26, 2021",5.0
165,Messes,Marylouise,Very nice and easy to clean up messes with,"April 26, 2021",5.0
166,Not Available,Jean,Cleans up bathroom especially nicely!,"April 25, 2021",5.0
167,Trusting based on advertising.,Mildred,"I like being able to put one in each important room.  Plus there is extra  until I received the next
Order.","April 24, 2021",5.0
168,A 10,Tommie,"This does a good job, it clean and kills germs and you counters etc smells great","April 24, 2021",5.0
169,Great customer service.,Irma,Have always liked Clorox products. First batch they had packaged laying flat in the box. The liquid spilled out,"April 23, 2021",4.0
170,Not Available,Wanda,ive used this brand forever disinfect so well,"April 22, 2021",5.0
171,Not Available,Joanne,"These  Clorox disinfecting wipes are great.  I just love them and due to the Pandemic, they are very hard to find.  I am, however, disappointed that the wipes were delivered to me without being packed in a cardboard box.  They were just sitting on my porch, without the benefit of being packed in a box.","April 22, 2021",5.0
172,Not Available,Ccm,"These help but still somehow we got a stomach virus and we use these and the sprays, and swifter pads every day","April 21, 2021",5.0
173,Not Available,Sandrafloerke,good. disinfectant. esential item,"April 21, 2021",5.0
174,Not Available,Nama,I use these to keep everything sanitized . In my home with the pandemic and also used before .,"April 21, 2021",5.0
175,"Been a staple MANY MOONS,waay b4Covid...",Missheather,These have been MY GO TO since many many MOOONS before Covid EVER came along!! Kept my family safe since and before!  Ill ALWAYS have these on hand!,"April 20, 2021",5.0
176,Good product..Terrible packing,Mayra,"I love Clorox Wipes..BUT I ordered this online..and the packaging was awful..Walmart did not cover it with another plastic bag and the person who packed put it the worng way..sooo Water was in the box..and other items were wet,
Please take note of this in order to teach the packing people","April 20, 2021",3.0
177,FAST AS LIGHTENING!!!!!,Jim,SPEEDY DELIVERY and Cannot be Happier!!!  Thanks so much!!!  WE LOVE WALMART!,"April 18, 2021",5.0
178,Disinfectant Wipes,Adie56,"Because of COVID especially, I am grateful for disinfectant wipes and glad they are back on the market.  Also, I have had cancer and like to disinfect counters, steering wheel in my car, phone and purse.","April 18, 2021",5.0
179,Not Available,Jeff,Wonderful to keep everything clean and safe,"April 18, 2021",5.0
180,Pass the wipes.,China,I want my house fully protected and sanitized during Covid.,"April 18, 2021",5.0
181,Good items,Fgn,Good purchase for the price and shipping good,"April 16, 2021",5.0
182,Not Available,Andreea,I use them all over the house,"April 13, 2021",5.0
183,Good item,Msis,Great for sanitizing. Not to small not to big.,"April 12, 2021",5.0
184,Sanitary wipe ups,Memaw,Handy to keep in the bathroom and kitchen for wipe ups!,"April 12, 2021",5.0
185,Finaly been able to get these,Bethany,I just glad I finally was able to get these since the pandemic started I have not been able to get any I need these for my own medical conditions . I get Mrsa out breaks  often I had so many of them since pandemic started and have not been able to disinfect anything I touched so I kept getting the infection. So I am just glad I finally able to get some of them. Mrsa when you have a Mrsa out back or flare up your consider very contagious.,"April 12, 2021",5.0
186,Dont understand why buy a 3 pack,Phyllis,They came not in one pack together all 3 Came separate,"April 11, 2021",1.0
187,Love this brand,Lonnifer,Always have trusted Clorox brand. Haven't used yet. Love lemon scent from previous uses.,"April 11, 2021",5.0
188,Back in Stock,Nancy,"Tough to find. First time finding in more than a year,","April 11, 2021",5.0
189,Refreshing and trustworthy,Trp,"Name brand that has been known in the cleaning industry for years.    These wipes are a good size, and come out of the container without rubbing or tearing on a rough plastic like the less expensive brands.   They are easily torn apart on taking out of the container, where as some other brands many cloths are wasted because 3-5 come out at once.     There is a nice, refreshing scent without being too harsh and abrasive.    Also, the individual cloths are moist so you know you are getting some cleaner with them.    Most other brands come out dry.   I've even had to pour more cleaner in half used containers of other brands directly over the cloths because they were dried out. 
   Waste of money.      During this time of Covid we have depended on these and had a container in almost every room, as well as the car.   We simply trust them.  And, will continue to have available in our home long after we get back to ""normal"".","April 10, 2021",5.0
190,Awesome clean,Lizard55,Smells good and they disinfect,"April 10, 2021",5.0
191,Great Product!,Yoshira,Product is great! only issue was either the packaging or delivery service since I ordered 2 packs one of them came soaked not sure If it open and spilled all over or of there was a hole.,"April 10, 2021",4.0
192,Clorox the cleaner clean,Kim,Clorox has always been a good man and the whites are even more convenient very moist it does the job well,"April 9, 2021",5.0
193,LOVE THEM!,Jo,THESE  WIPES DOES IT ALL. I SIT OUTSIDE ON THE PATIO NOW AND USE THESE TO WIPE OFF THE CHAIRS AND SMALL TABLE,"April 8, 2021",5.0
194,Great Selection,Dediea,Fast delivery and excellent price,"April 8, 2021",5.0
195,Not Available,Hildy,Great quality and product!,"April 8, 2021",5.0
196,Back in Stock!,Debbie,"So pleased they are back in stock. Able to complete my order before getting the ""I sorry this item is no longer in stock"" message. Quality as expected.","April 7, 2021",5.0
197,Poor packaging for the Clorox disinfecting wipes,Diana,"I just received this order delivery today and I have to tell you that Im so disappointed with regard to the packaging.  The box was wet on one side and I could smell the strong contents of the Clorox disinfecting wipes coming from the inside!  I had not opened the box at that point but the smell was so strong so you can imagine once I did open the contents!  Paper was inserted into the box but there was no other type of wrapping other than what the item came with.  The contents was soaked and two of the containers lids were slightly opened!  Liquid was all over, it was a huge mess!!  Needless to say I will not be ordering this item from Walmart in the future!  With COVID-19 in effect and being handicapped I thought ordering any product would be safe not to mention convenient, but little did I know I was wrong!!  I have ordered laundry soap liquid as well as other types of liquids and have not experienced this issue!  Not happy with this at all.  Im hoping that when I do use the item there will be liquid left inside that keeps the wipes moist!","April 7, 2021",1.0
198,Not Available,Sandy,Love Clorox wipes !  Great product!,"April 7, 2021",5.0
199,Not Available,Stephanie,The inside of the box was wet. The labels on the clorox containers are coming off from being wet. The wipes seem to still be wet but I'm afraid they may not be as effective if the wetness is from the wiped themselves.,"April 6, 2021",1.0
200,Not Available,Grace,Great for cleaning and disinfecting,"April 5, 2021",5.0
201,Clorox Wipes - Good Buy,Nicole,This was my first time trying this product and I really liked it.  The texture is great and the little ridges made it felt more like a thin towel than a wipe.  I will definitely buy it again.,"April 5, 2021",5.0
202,Powerful wipes.,Lody27,The best wipes and kill bacteria.,"April 5, 2021",5.0
203,a good buy,Leegl,I purchase these all the time and like what I see.  You can use them for any cleaning project you have around the house.,"April 4, 2021",5.0
204,Glad these are back,Helyn,"So happy to get these Clorox wipes. They became a fixture on a several counters in my home over the years. Yes I know there are other brands available, but Clorox has/is my go to wipe with confidence.","April 4, 2021",5.0
205,Not Available,Minnie,They fine except one containers lid is broken and leaked inside of shipping box,"April 3, 2021",3.0
206,Great price and quality,Raynelove19,"This is definitely a quality buy for a great price! Especially with all that has been going on with quarantine and health changes worldwide. No complaints here, satisfied customer! Keep this in stock please we need it.","April 3, 2021",5.0
207,Thorough cleaning satisfaction,Tomvilla60,Makes cleaning easier and I know it is the cleanest it can be .,"April 1, 2021",5.0
208,Bleach wipes,Linda,"Very pleased, availability, we needed bleach wipes because of an infection someone in the family had and you can always know that Clorox works.","March 31, 2021",5.0
209,Excellent product,Belinda,Great product and perfect for my needs,"March 31, 2021",5.0
210,SO PERFECT!,Priscilla,Good product and I love it! The surrounding inside my house it feels clean after I used this Clorox disinfecting wipes. It helps also to prevent bacteria or germs.,"March 31, 2021",5.0
211,Not Available,Aisha,Too expensive for only a 3 pack.  Sam's carry it 5 pack for 10.00 and here 10 for only 3,"March 30, 2021",1.0
212,Great,Kristie,Always loved Clorox products!,"March 30, 2021",5.0
213,Not Available,Guadalupe,Great for cleaning anything,"March 30, 2021",5.0
214,Not Available,Ginny,Works great to clean everything,"March 29, 2021",5.0
215,Where have you been? Clorox?,Rachel,"As we all know, during COVID-19, everything Clorox disappeared. Now that I'm able to re-purchase, I bought a three pack of these to have on hand. Honestly, because I had to make do with Lysol instead of Clorox through the pandemic, I now prefer Lysol. The Clorox wipes actually stink, as in smell.","March 29, 2021",3.0
216,A welcome return.,Rick,"These are great wipes. When Covid hit these disappeared, and Im so happy to see them back. So convenient and powerful. Thanks for bringing them back!","March 29, 2021",5.0
217,Clorox Wipes,Msge55,It was great. About to go into the house when the young delivery lady was dropping off my delivery packages.,"March 28, 2021",5.0
218,Bust a quicky,Beatriz,They work great for those times unexpected company shows up and you want to give everything a fast wipe.,"March 28, 2021",5.0
219,"Clorox Disinfecting Wipes,",Sef3,These are great for clean up and the smell is not strong,"March 27, 2021",5.0
220,Not Available,Elizabeth,Product is good. I want to give a big thanks to the delivery person who delivered it to my front door.,"March 25, 2021",5.0
221,"Thank you, thank you, thank you!",Candy,I AM FULL OF JOY THE DISINFECTANT WIPES ARE OUT!   I WANT TO DO CARTWHEELS RIGHT NOW!  LOL!,"March 25, 2021",5.0
222,Not Available,Jacqueline,Kills germs. Removes dirt and grim.,"March 25, 2021",5.0
223,Wonderful product! I use,Amym370,Wonderful product! I use these wipes daily to disinfect things within my home and in my classroom. They smell nice and the chemicals are not overpowering when cleaning around children.,"March 24, 2021",5.0
224,Not Available,Gazebo,"Happy finally available again, price did go up a few dollars.","March 24, 2021",5.0
225,Not Available,Cheriser,"wipes worked as expected and appeared as shown on site, thanks!","March 24, 2021",5.0
226,Not Available,None,Clorox has been a staple in my home a long time.,"March 24, 2021",4.0
227,I use these to,Katlynnshawnp,"I use these to wipe everything down everyday and the smell is amazing and they are long lasting I highly recommend to use these to stop the spread of virus and other germs that need to be gone so these at 100% effective and I do buy them everytime I run out CPC BLYSOW Lysol Disinfecting Wipes Lemon 75-Wipe Scent, Case of 6","March 24, 2021",5.0
228,I always try to,Jessicaw826,"I always try to have these Clorox disinfecting wipes on hand in our household. I love the fresh lemon scent that makes the house smell extra clean.  The container is convenient and easy to use, especially when cleaning spills and messes.  Try these!","March 23, 2021",5.0
229,Not Available,Schieber,I could have danced for joy when I was finally able to purchase these. Waited patiently through the whole pandemic to be able to get them. Thank you,"March 23, 2021",5.0
230,Not Available,Roseofsharon55,"Always liked them, always will, everything so clean","March 22, 2021",5.0
231,The BEST Brand available by far!,Artgal7,There's no better product for disinfecting wipes that clean also than Clorox Disinfecting Wipes. I'm so happy that they are finally becoming available to the general public again.,"March 22, 2021",5.0
232,Awesome,Peggyann,Love your availability of all products I want.,"March 22, 2021",5.0
233,Not Available,Tamisha,Loved that I could order this,"March 21, 2021",5.0
234,Good Wipe for the going-on pandemic,Smartvaluebuyer,Very pleased to find this at Walmart.  This brand always gives me the peace of mind.,"March 21, 2021",5.0
235,Nana,Pjh1,Love the lemon fresh; I have one in the kitchen and the bathrooms also.,"March 20, 2021",5.0
236,Very Satisfied,Nilsa,What I like about this product is that its finally available in bulk size yay!!!!!,"March 19, 2021",5.0
237,Very nice product....good for,Franklinmullar,"Very nice product....good for disinfection surfaces at home, I have one in my home and my office. I highly recommend","March 19, 2021",4.0
238,Not Available,Gwen,"Excellent for wiping down doorknobs, sinks etc and smells good!","March 18, 2021",5.0
239,Not Available,Kelly,lid of the middle container was cracked/broken.   Items were placed in the box on its side so liquid leaked all over the box and other containers.  I assume these wipes will dry up quickly and be useless for me.,"March 17, 2021",1.0
240,Not Available,Queenbutterfly,"Great wipes, exactly as ordered!","March 17, 2021",5.0
241,"Thank you, thank you, thank you!",Candy,I AM FULL OF JOY THE DISINFECTANT WIPES ARE OUT!   I WANT TO DO CARTWHEELS RIGHT NOW!  LOL!,"March 25, 2021",5.0
242,Not Available,Jacqueline,Kills germs. Removes dirt and grim.,"March 25, 2021",5.0
243,Wonderful product! I use,Amym370,Wonderful product! I use these wipes daily to disinfect things within my home and in my classroom. They smell nice and the chemicals are not overpowering when cleaning around children.,"March 24, 2021",5.0
244,Not Available,Gazebo,"Happy finally available again, price did go up a few dollars.","March 24, 2021",5.0
245,Not Available,Cheriser,"wipes worked as expected and appeared as shown on site, thanks!","March 24, 2021",5.0
246,Not Available,None,Clorox has been a staple in my home a long time.,"March 24, 2021",4.0
247,I use these to,Katlynnshawnp,"I use these to wipe everything down everyday and the smell is amazing and they are long lasting I highly recommend to use these to stop the spread of virus and other germs that need to be gone so these at 100% effective and I do buy them everytime I run out CPC BLYSOW Lysol Disinfecting Wipes Lemon 75-Wipe Scent, Case of 6","March 24, 2021",5.0
248,I always try to,Jessicaw826,"I always try to have these Clorox disinfecting wipes on hand in our household. I love the fresh lemon scent that makes the house smell extra clean.  The container is convenient and easy to use, especially when cleaning spills and messes.  Try these!","March 23, 2021",5.0
249,Not Available,Schieber,I could have danced for joy when I was finally able to purchase these. Waited patiently through the whole pandemic to be able to get them. Thank you,"March 23, 2021",5.0
250,Not Available,Roseofsharon55,"Always liked them, always will, everything so clean","March 22, 2021",5.0
251,The BEST Brand available by far!,Artgal7,There's no better product for disinfecting wipes that clean also than Clorox Disinfecting Wipes. I'm so happy that they are finally becoming available to the general public again.,"March 22, 2021",5.0
252,Awesome,Peggyann,Love your availability of all products I want.,"March 22, 2021",5.0
253,Not Available,Tamisha,Loved that I could order this,"March 21, 2021",5.0
254,Good Wipe for the going-on pandemic,Smartvaluebuyer,Very pleased to find this at Walmart.  This brand always gives me the peace of mind.,"March 21, 2021",5.0
255,Nana,Pjh1,Love the lemon fresh; I have one in the kitchen and the bathrooms also.,"March 20, 2021",5.0
256,Very Satisfied,Nilsa,What I like about this product is that its finally available in bulk size yay!!!!!,"March 19, 2021",5.0
257,Very nice product....good for,Franklinmullar,"Very nice product....good for disinfection surfaces at home, I have one in my home and my office. I highly recommend","March 19, 2021",4.0
258,Not Available,Gwen,"Excellent for wiping down doorknobs, sinks etc and smells good!","March 18, 2021",5.0
259,Not Available,Kelly,lid of the middle container was cracked/broken.   Items were placed in the box on its side so liquid leaked all over the box and other containers.  I assume these wipes will dry up quickly and be useless for me.,"March 17, 2021",1.0
260,Not Available,Queenbutterfly,"Great wipes, exactly as ordered!","March 17, 2021",5.0
261,Not Available,Guadalupe,Clorox is extremely helpful for cleaning and sanitizing. I personally love this product.,"March 17, 2021",5.0
262,These are portable and,Mayurip5,These are portable and easy to use. They smell great and are great for disinfecting surfaces on the go.,"March 17, 2021",5.0
263,Good item,Benjamin,I really like my whips because helps with this virus,"March 16, 2021",5.0
264,Not Available,Cottoncandy,these are the only one i like but i do like the cheep ones but the name brand seem to work more better than the store brnd one,"March 16, 2021",5.0
265,great,Swamp,make cleaning so much easier,"March 16, 2021",5.0
266,Famous Clorox Disinfectant Wipes!,Stylelover,Clorox disinfectant wipes are the best brand and product out there to help fight germs.  We all need this to be used at home in office or on the road... It is still not yet widely available for public yet.,"March 15, 2021",5.0
267,Not Available,4jennifert,Feel confident in it's disinfectant ability.,"March 14, 2021",5.0
268,Not Available,Solseg78,I really like how the Clorox wipes disinfects and the price is a good deal.,"March 14, 2021",5.0
269,Product is amazing!!,Olivia90670,"I use these on a daily love the fresh lemon scent. I use them in the kitchen, restroom, table etc!!","March 13, 2021",5.0
270,Easy on the touch,Passion,These are easy for the kids with the epidemic theyve been trained to wipe door knobs toilet seats ect,"March 13, 2021",5.0
271,Not happy,Joy,Left a big mess when shipped.. They should have taped the top lids so the liquid inside the container did not leak all over the box,"March 13, 2021",1.0
272,Not Available,Donthaveone,Nice to have on hand for easy cleanup,"March 13, 2021",5.0
273,Need better Walmart shipping packaging.,Sheri,Love love love Clorox wipes but Walmart just throws it in the box any ole way,"March 12, 2021",4.0
274,Not Available,Tamara,Works just as good as the Lysol wipes,"March 12, 2021",5.0
275,Great,Maryann,"Delivery guy set the box upside down, i had a mess to clean up when I went to unbox these","March 12, 2021",5.0
276,I love using my,Fairskinnedblonde,I love using my Clorox wipes. I use them in my kitchen and my bathroom. They clean everything and I love the lemon scent. I even will wipe up my tile floors in my bathroom in between mopping. Buy and use them all the time scentiva clorox disinfecting wipes,"March 12, 2021",5.0
277,Not Available,Lan,Love this. So thankful that my shipment came! Thank you.,"March 12, 2021",5.0
278,Great  price,Gwen,"Great, I finally for first time able to receive Clorox wipes since covid","March 11, 2021",5.0
279,I really like these,Tee_lo,"I really like these bleach free wipes. They clean just as well without the harsh smell.  These are the only wipes I will use,  so I stock up when I can.","March 11, 2021",5.0
280,Good product,Tobby,The softness and the clean smell,"March 10, 2021",5.0
281,Not Available,Guadalupe,Clorox is extremely helpful for cleaning and sanitizing. I personally love this product.,"March 17, 2021",5.0
282,These are portable and,Mayurip5,These are portable and easy to use. They smell great and are great for disinfecting surfaces on the go.,"March 17, 2021",5.0
283,Good item,Benjamin,I really like my whips because helps with this virus,"March 16, 2021",5.0
284,Not Available,Cottoncandy,these are the only one i like but i do like the cheep ones but the name brand seem to work more better than the store brnd one,"March 16, 2021",5.0
285,great,Swamp,make cleaning so much easier,"March 16, 2021",5.0
286,Famous Clorox Disinfectant Wipes!,Stylelover,Clorox disinfectant wipes are the best brand and product out there to help fight germs.  We all need this to be used at home in office or on the road... It is still not yet widely available for public yet.,"March 15, 2021",5.0
287,Not Available,4jennifert,Feel confident in it's disinfectant ability.,"March 14, 2021",5.0
288,Not Available,Solseg78,I really like how the Clorox wipes disinfects and the price is a good deal.,"March 14, 2021",5.0
289,Product is amazing!!,Olivia90670,"I use these on a daily love the fresh lemon scent. I use them in the kitchen, restroom, table etc!!","March 13, 2021",5.0
290,Easy on the touch,Passion,These are easy for the kids with the epidemic theyve been trained to wipe door knobs toilet seats ect,"March 13, 2021",5.0
291,Not happy,Joy,Left a big mess when shipped.. They should have taped the top lids so the liquid inside the container did not leak all over the box,"March 13, 2021",1.0
292,Not Available,Donthaveone,Nice to have on hand for easy cleanup,"March 13, 2021",5.0
293,Need better Walmart shipping packaging.,Sheri,Love love love Clorox wipes but Walmart just throws it in the box any ole way,"March 12, 2021",4.0
294,Not Available,Tamara,Works just as good as the Lysol wipes,"March 12, 2021",5.0
295,Great,Maryann,"Delivery guy set the box upside down, i had a mess to clean up when I went to unbox these","March 12, 2021",5.0
296,I love using my,Fairskinnedblonde,I love using my Clorox wipes. I use them in my kitchen and my bathroom. They clean everything and I love the lemon scent. I even will wipe up my tile floors in my bathroom in between mopping. Buy and use them all the time scentiva clorox disinfecting wipes,"March 12, 2021",5.0
297,Not Available,Lan,Love this. So thankful that my shipment came! Thank you.,"March 12, 2021",5.0
298,Great  price,Gwen,"Great, I finally for first time able to receive Clorox wipes since covid","March 11, 2021",5.0
299,I really like these,Tee_lo,"I really like these bleach free wipes. They clean just as well without the harsh smell.  These are the only wipes I will use,  so I stock up when I can.","March 11, 2021",5.0
300,Good product,Tobby,The softness and the clean smell,"March 10, 2021",5.0
301,Not Available,68unhappy,My go to cleaning product,"March 10, 2021",5.0
302,Clorox Disinfecting Wipes,Gary,I was glad to be able to purchase this hard-to-find product at a reasonable price.,"March 8, 2021",5.0
303,Not Available,Ac,be aware of the products may ''leak'' due to the transportation,"March 8, 2021",5.0
304,Can't not beat Clorox,Td,Clean you with these Clorox wipes if you get in my way.,"March 7, 2021",5.0
305,"So, so needed",Redirocz28,"I have asthma, so there aren't many chemicals I can clean with. This is one of them. They got so expensive I've been doing without. They finally got some on Walmart.com and I snagged them. I keep one in every room.","March 6, 2021",5.0
306,Not Available,Kesler,Use it too clean almost everything.  Good amount for the price.,"March 6, 2021",5.0
307,Good price,Dominick,Great deal and smell good,"March 4, 2021",5.0
308,Good deal great price,Saroda,"Good deal great price , thank you Walmart for not price gouging I'm so glad I was able to get this at a reasonable price.","March 2, 2021",5.0
309,Not Available,Wendy,"Perfect! 
And the delivery was perfect, as well!","March 2, 2021",5.0
310,Must have always !,Ferrnandalala,Must have always ! Especially nowadays where there's just even more germs and nasty stuff out there. these are super easy to use I just love them I just grab one and wipe I don't have to worry about spraying I don't have to worry about anything else and I also like to carry one in my car just in case I need it and they don't dry out they stay wet and moisturized which I love,"February 18, 2021",5.0
311,Easy to use. The,Shereens11,Easy to use.  The smell is fresh. More cost effective than competitors yet feel there is no compromise in quality.,"February 17, 2021",4.0
312,These Are of course,Alimweber_,"These Are of course the go to for easy sanitizing, quick clean up of anything. I always have to have these in my home. I don't always buy this exact scent anymore now since they have come out with some different ones, but just these wipes in general are always a must. Especially with this virus now and if you have kids. I like to keep a small pack in my car too. The only reason Im giving it 4 stars is because of that annoying packaging on the big pack. Sometimes you go to pull out one and it's like a zillion come out with it. Other than that very minor issue, no complaints.","February 17, 2021",4.0
313,Always have the wipes,Zaliai,Always have the wipes disinfectant at home. It's great to clean up kitchen areas and the bathroom.,"February 17, 2021",5.0
314,I use these everyday,Shayeee,I use these everyday & they never disappoint. Great for quick clean up & I love this scent. One sheet goes a long way.,"February 17, 2021",5.0
315,I love that it,Natalier147,I love that it has the little ridges so it helps scrub away the germs I like that one goes a long way,"February 17, 2021",5.0
316,The best product to,Patricial90,"The best product to cleaning  up quick, I use it for many things such as cleaning any surface.
They clean very well and the smell is excellent!","February 16, 2021",5.0
317,Love these,Angel,These wipes do the trip especially for disinfecting. Ive been using these a lot especially since Covid-19. Keep some in your car and at home. They even have some you can travel with! Its a life saver.,"February 16, 2021",5.0
318,These were so hard,Ashleyxkim,These were so hard to get ahold of during the lockdown but I'm so glad I got them back in stock. Easy to clean with,"February 16, 2021",5.0
319,I really love clorox,Faithferrissigler,I really love clorox wipes they clean very well and the smell is excellent. I pretty much clean my whole house with them that how much I love them...,"February 16, 2021",5.0
320,Because..COVID,Walmartcustomer,"Yes, we are those people that wipe down their groceries and every package.  These wipes are a staple during these unstable times.  We actually use these for a lot of our cleaning.  Disinfecting counters after we prep raw meat...Cleaning up the toddlers potty seats...bathroom disinfectant.. Wipe down of all communal surfaces. Great multipurpose wipes for the germaphobe.","February 12, 2021",5.0
321,Love the way they,Rebeccaw113,"Love the way they smell and more importantly, I love the way they clean and make me feel like I'm keeping my family safe!","February 11, 2021",5.0
322,I use this product,Stephanieb400,I use this product to clean my whole house from top to bottom and I highly recommend this product to everyone because it disinfects for viruses,"February 10, 2021",5.0
323,I use these for,Priscilaz3,"I use these for almost everything! Door knobs, countertops, toilets everything. These get sold out so fast that's how good they are","February 10, 2021",5.0
324,Great for quick cleans,Feelaspeaks,Great for quick cleans around the house. I love these to wipe down the bathroom in between deep cleaning,"February 10, 2021",5.0
325,Excellent product if you're,Cheeriotheshibainu,"Excellent product if you're lucky to find it. Mom has been using it to wipe my paws after our walk and has worked great to kill germs I may pick up.  It's not organic, free from chemicals but our goal is to keep all pathogens away from our home.  5 solid stars. Woof!  IG: @cheeriotheshibainu  

Clorox Disinfecting Wipes Bleach Free Cleaning Wipes - Crisp Lemon - 75ct","February 8, 2021",5.0
326,Great clean. Great smell.,Marcyac245,Great clean. Great smell. Trusted brand. I love these are so easy to use. I keep one in the kitchen and in each bathroom. Deep clean feel without the deep clean effort.,"February 8, 2021",5.0
327,I love using these,Walmartcustomer,I love using these wipes to clean with! They make it so easy to clean with even having a rough side. The only downside of these wipes is they leave some bubble residue behind and dirt when they get dirty.,"February 7, 2021",4.0
328,This is my favorite,Michellec0309,This is my favorite brand of disinfectant wipes. They can be a bit pricey but I've tried other products and they just dont measure up to the Clorox brand.,"February 7, 2021",5.0
329,These have been great,Darcyl6,"These have been great to keep on hand if we can stock up on them through the pandemic. We wiped down countertops, door handles, you name it.","February 7, 2021",5.0
330,These were possibly literally,Peaceheart,"These were possibly literally a lifesaver during the pandemic. When stores were out of stock I had my mom send me some in the mail. Great to wipe off all surfaces in the house, and your phone!","February 7, 2021",5.0
331,So convenient for easy,Gabriellam56,So convenient for easy clean ups! I always love having Clorox wipes in the kitchen to clean up the counters or wipe down my daughters high chair!,"February 7, 2021",5.0
332,I love this clorox,Aritzabela,"I love this clorox wipes , I have a Airbnb and this is perfect to clean it everything also I use in my own house","February 7, 2021",5.0
333,These work really well,Kristaf17,"These work really well for quick disinfecting needs, and they're super convenient to have in every room. We even keep some in the car for those times you need them when you're out and about.","February 6, 2021",5.0
334,Love these. They are,Marissam141,Love these. They are convenient when I wanna clean up messes quick and disinfect at the same time,"February 6, 2021",5.0
335,Not Available,Bessie,Container was busted ! Leaked liquid on my charcoal Briquets . Poor packaging. If it's busted please don't ship.,"February 6, 2021",1.0
336,"Growing up, we never",Brianadarlenemua,"Growing up, we never had Clorox wipes in my house. I'm not sure why. It wasn't until I started teaching that I really started to use them, and I'll never go back. You think something looks clean, then you use one of these, and the amount of dirt them comes off on it is mind blowing","February 6, 2021",5.0
337,Great to clean toilets.,Arkansasgals,Great to clean toilets. Cleans like a dream and smells good too. Great for killing germs,"February 6, 2021",5.0
338,These are a necessity..,Mollyc79,These are a necessity.. especially 2020 and 2021. You all know!! These work and were once very valuable if you could find them in the store!!,"February 6, 2021",5.0
339,My favorite disinfecting wipes,Walmartcustomer,My favorite disinfecting wipes they smell good and they work perfectly for this hard times,"February 6, 2021",5.0
340,I hope Walmart keeps selling them.,Gale,"Clorox wipes are hard to find now a days, so 
I am very happy that Walmart is selling them online.","February 5, 2021",5.0
341,This is a necessity,Robertah11,This is a necessity at my house and I love all of the wipes that Clorox makes. Especially since COVID.,"February 5, 2021",5.0
342,I use basically all,Alexandriaj13,"I use basically all of Clorox's disinfectant products and more! These wipes smell amazing & are easy to use! Clean your house, toys, car, and so much more!","February 5, 2021",5.0
343,Who doesn't love Clorox,Kayleneg2,Who doesn't love Clorox wipes for a quick & easy disinfectant? Especially during recent times. I use these the most in my bathroom and kitchen to clean surfaces and disinfect thoroughly! I like the lemon scented ones but they all do the trick.,"February 5, 2021",5.0
344,We love to use,Thatgrlsteph,We love to use these to keep kitchen as well as bathroom counters clean especially with this pandemic. Clorox Disinfecting Wipes Bleach Free Cleaning Wipes - Crisp Lemon - 75ct,"February 5, 2021",5.0
345,I use Clorox wipes,Littleprincess,I use Clorox wipes to clean surface areas that need a little extra protection. The fresh lemon scent is an added plus.,"February 5, 2021",5.0
346,Love the scent and,Walmartcustomer,"Love the scent and ease of use. Don't always care for the price. Hard to find since Covid started, but definitely grab my allowance when I do!","February 5, 2021",5.0
347,A must with the,Latinachikas,"A must with the global pandemic that is COVID 19. It is, of course, hard to come by. One of the very few products that accuracy kill COVID 19. I need it and I love it!!!","February 5, 2021",5.0
348,I love to use,Nativenycfoodie,I love to use this to clean up any quick messes. This is my go-to disinfectant wipe. I definitely recommend this product,"February 5, 2021",5.0
349,Not Available,Tanya,Good cleaning item during this covid-19! Thanks for having in stock!!!,"February 5, 2021",5.0
350,If you don't have,Jonsh,"If you don't have this in your life, you are truly missing an essential product. Works perfect on everything especially during covid. I've been using this product for years  and it still amazes me. Keeps everything clean and kills viruses and bacteria.","February 4, 2021",5.0
351,"In this Covid world,",Kimberlywestlundreev,"In this Covid world, we go through these so quickly! They smell good, work, and don't burn my hands even if I use for awhile on various high touch surfaces. As a mom, I feel better using these knowing my house is as germ free as possible. We also sanitize our groceries with these...lol","February 4, 2021",5.0
352,I love using Clorox,Sarikas,I love using Clorox wipes especially in the bathroom it feels like does such a thorough job and you can really see results. I previously used different products to clean with and I never got as good as clean as I have with this product.,"February 4, 2021",5.0
353,Who can have anything,Sam_veri5513,Who can have anything bad to say about Clorox wipes when they were once so hard to find? I love using these as I am pregnant and can not clean with strong bleach products. My go to for the bathroom and kitchen messes!,"February 4, 2021",4.0
354,These are my go,Ashleyb66c8,These are my go to for cleaning up quickly & just wiping down any areas especially the kitchen counters & stove top I feel like they smell great & make it seem clean I've bought them many times & I'll continue to buy them,"February 4, 2021",5.0
355,Definitely use these often,Rebeccav51,Definitely use these often especially now during covid... we are constantly wiping down things,"February 3, 2021",5.0
356,these are so good,Kadencee,these are so good around the house! you can clean anything from counter tops to your bathroom sink!!,"February 3, 2021",5.0
357,I've used these all,Sarahm777,I've used these all throughout the pandemic. I don't know what I would do with out them! They are very moist and will clean any surface with out a doubt.,"February 2, 2021",4.0
358,These are great when,Sabrinagc736,These are great when you can find them. I never knew I'd miss something as much as I have Clorox wipes. I love these for everything from cleaning up the kitchen after cooking to cleaning light switches and door knobs to toilet seats. I'll be so glad when they are easy to find again. Others on the market do not match up to Clorox.,"February 2, 2021",5.0
359,I love using this,Amberw4,I love using this for small spills in the kitchen. I also use it to clean my bathrooms. I love the scent and it is tough. There isn't anything I would do to improve it. It is a good value for the price. I have bought this before and I will buy it again in the future.,"February 2, 2021",5.0
360,I have one of,Glossb,I have one of these in each bathroom & kitchen. Great disinfectant. Wipes away gems & dust. A household staple,"February 2, 2021",5.0
361,I love these wipes!,Singlemomreview,I love these wipes! They are an amazing cleaner & the smell leaves everything smelling fresh!,"February 2, 2021",5.0
362,The best wipes,Zebj,So glad to finally be able to get these,"February 1, 2021",5.0
363,I love wipes. They're,Rachelt0825,I love wipes.   They're the greatest invention.    They work at home or work.  Easy to use.   I love to use them to clean a spot or to just clean up.,"January 31, 2021",5.0
364,Love this product. Easy,Kimy1,Love this product. Easy and quick cleaning. Help keeps the house clean. Scent is light,"January 31, 2021",5.0
365,I got lucky to find these,Jcdnyc,Great price and I was so happy to find Clorox!!,"January 31, 2021",5.0
366,This is the best,Brittanywa184,"This is the best product and sometimes the only product I use to clean. I use this in the bathroom, kitchen and to wipe down surfaces touched a lot. I wouldn't change anything about it. I will continue to use this product for as long as I can, and as long as I can find it","January 31, 2021",5.0
367,These disinfecting wipes clean,Valeriew32,These disinfecting wipes clean surfaces well and leave you confident that the germs are gone after use.,"January 31, 2021",5.0
368,"Counters, toys, bathroom counters,",Walmartcustomer,"Counters, toys, bathroom counters, pantry shelving, and sinks! You name it we've wiped it with these wipes! Especially with this COVID pandemic, we wipes every chance we get. These wipes helps us feel and stay clean also the facet that the cnnister is so easy to pop open and pop shut helps a great deal.","January 31, 2021",5.0
369,Clorox wipes are a,Caliana,Clorox wipes are a well-known brand with a decent price. They clean and disinfect surfaces like nobody's business. I use them on mostly all of the surfaces in my household. I like that they're in a handy container easy for storage. I Do not know what I would do without them right now during this Pandemic. I would recommend these Clorox Disinfecting wipes to others. I will continue to purchase them to fight germs in my house.,"January 31, 2021",5.0
370,Not Available,Allforcanon,The box was wet! Immediately opened it all the bottles were open and drained! The wipes are dry! Sad! Especially for an item in high demand!,"January 30, 2021",1.0
371,I am OCD clean,Adrianap111,I am OCD clean and I love my house to smell fresh and clean and these Clorox wipes make me feel safe especially with Covid right now. They clean very well and sanitize just as well,"January 30, 2021",4.0
372,they smell super good,Rociom119,"they smell super good and I trust that it disinfects my places after using it, I recommend in the kitchen because of the bacteria","January 29, 2021",5.0
373,Best wipes and especially,Emmat115,Best wipes and especially now during covid. Hard to get your hands on tho. Smells great too!!!,"January 29, 2021",5.0
374,Surprised these were in Stock!!!,Kisha,I'm so glad these are back in stock. I ordered one. I was almost running out and need this with CoVid 19 going on.,"January 29, 2021",5.0
375,I literally use these,Jamieg89,"I literally use these clocks wipes to clean everything , my counter tops , my dining room table , my phone . I can not live with out clod wipes !","January 29, 2021",4.0
376,Not Available,Chana,They do the job but would appreciate them thicker and wetter.,"January 28, 2021",3.0
377,I use this to,Mishas5,"I use this to disinfect the grocery wrapping or boxes during the pandemic, also counter top","January 28, 2021",5.0
378,Works good but very,Courtneyc215,Works good but very hard to find with covid 19 . Use it for everything though bathroom and kitchen especially,"January 28, 2021",3.0
379,So convenient for messes,Tracyb75,So convenient for messes and general cleaning especially when you are in a hurry. I always try to keep some on hand,"January 28, 2021",5.0
380,Best tool for keeping,Dlkinyc,Best tool for keeping all surfaces clean and germ free .  Fresh scent makes it better.,"January 27, 2021",5.0
381,Favorite disinfectant wipes. Makes,Poutypuffgirl,Favorite disinfectant wipes. Makes my house feel clean for quick everyday wipe ups. Good pricing. Good amount in each container. All around- just good.,"January 27, 2021",5.0
382,During this pandemic i,Lizrulez,"During this pandemic i have been using these to clean everything from my surfaces,groceries, keys,and shoes they do the job well and I feel better about my family's health and safety","January 27, 2021",5.0
383,I trust Clorox wipes,Melanieheintz,"I trust Clorox wipes to disinfect the house, door knobs, keys and other things that could bring germs into our house. The fresh scent is appealing.","January 27, 2021",5.0
384,Best cleaning wips a,Makeyaw,Best cleaning wips a girl could ask for .they get the job done just right for just wiping your night stands off,"January 27, 2021",5.0
385,Clorox Disinfecting Wipes with,Taylormarie1517,Clorox Disinfecting Wipes with bleach works very good for cleaning small areas after your kids eat on the tabel or after you spill a drink. One or two whipes should be enough to make it clean and disinfect the area. Since the virus is going around it's good to have these on handy to also whipe your sternwheel off with or etc. I recommend Clorox whipes.,"January 27, 2021",5.0
386,Stay clean everyone,Tomoya,Proper wipes  always beat disinfecting sprays since it physically removes dirt and infectious elements.,"January 27, 2021",5.0
387,Good formula but poor execution of dispenser,Sweetbaboo,"Really like the product itself,  the formula and especially the larger top dispenser opening; however, the teeth of the opening where you pull the single wipes through always ends up ripping the wipes!  Company needs to work on the dispensing of the individual wipes to stop this.","January 26, 2021",3.0
388,Not Available,Xciting,good for removing small stuck on foods with scrubbing fibers,"January 25, 2021",4.0
389,Best disinfecting wipes,Ang0303,Happy to have found these Clorox disinfecting wipes to order online. I like having these handy to wipe down everything with the covid and flu viruses. They smell good.,"January 25, 2021",5.0
390,Clorox Disinfecting Wipes are,Michellem606,Clorox Disinfecting Wipes are bleach free and safe for kids and pets. They smell nice,"January 25, 2021",5.0
391,Not Available,Charietta,Good for cleaning and disinfecting!!,"January 24, 2021",5.0
392,These cleansing wipes are,Angelal6b66,"These cleansing wipes are so handy! One step instead of having to find a spray cleanser, grab paper towels, and lots of waste. These wipes clean well and don't leave any residue.","January 24, 2021",5.0
393,These are my favorite,Taniaceee20,These are my favorite because it leaves everything extra clean and it smells really good.,"January 24, 2021",5.0
394,Hash brown used it,Urd2,Hash brown used it for her explosice diahhrea she loved it it also killed her booty germs,"January 24, 2021",5.0
395,Great for Handles,Kc,Yeah! So happy to finally be able to get these wipes. Most convenient for wiping down door handles.,"January 24, 2021",5.0
396,This products smells great,Stephany0528,This products smells great and gives Pierce of mine to dirty surfaces. We also have some in the car to wipe down the shipping cart before putting the littles under it. [product:2-pack-lysol-dual-action-disinfectant-wipes-lemon-&-lime-blossom-80-wipes-each],"January 24, 2021",5.0
397,I'm obsessed with Clorox,Amandac91387,I'm obsessed with Clorox wipes they smell great and clean surfaces and kill bacteria and germs.,"January 24, 2021",5.0
398,I love these wipes,Jessesamantham,"I love these wipes for big messes and little messes! They are especially great to have a round during this pandemic. I would absolutely recommend if you dont use these, to start!","January 24, 2021",5.0
399,Cloris wipes come in,Ashleyp397,"Cloris wipes come in different varieties of size and smells
 I always feel like I can use these to disinfect after chicken or something was on my counters and feel like they did what they say they do! I recommend for disinfecting and they smell good too","January 23, 2021",5.0
400,I feel very good,Nashlac1,I feel very good with this product it cleans the tables well and I also use it to clean many things it is quite good it removes stains and dirt from things and you notice it instantly.,"January 23, 2021",5.0
401,These are my go-to,Britneyr29,"These are my go-to disinfecting wipes. I not only use these at home, but I also use them in my classroom. I feel confident about their ability to eliminate bacteria, which is a sigh of relief during the pandemic.","January 23, 2021",5.0
402,These always maintain a,Ke55f7,These always maintain a good level of moisture without drying out quickly like other brands. It leaves a pleasant scent.  My one piece of feedback would be to try and make a version that's more eco friendly.,"January 23, 2021",4.0
403,Grateful,Rayna,"Thankful to be able to get these and not be price gauged. Arrived quickly, packaged well","January 23, 2021",5.0
404,As a teacher I,Kellierca47,As a teacher I use these daily. They are effective in killing germs and avoiding the spread of germs. It has a strong smell but not overpowering.,"January 23, 2021",5.0
405,These work great for,Carolinar0d2d,"These work great for any cleans Jos,  after lunch or cleaning up a messy kitchen ! Or even just to sa atize a surface !","January 23, 2021",5.0
406,Clorox disinfecting wipes is,Melissaw211,Clorox disinfecting wipes is a must have in my hope. A quick easy clean and disinfect. The lemon smell is amazing. When they in stock I definitely grab.,"January 23, 2021",5.0
407,so clean,Annette,"Love these! I thought I ordered two, but didnt...","January 22, 2021",5.0
408,No protective seal!....,Merrine,"I received my package really fast, so that's a plus but was so disappointed that every one of the containers leaked.  There is absolutely no protective seal on any of the containers so the liquid inside leaked all over them . It was a total mess. This is my very first purchase of this brand and unless the issue of protective seal is addressed it will be my last. I therefore could not in good conscience recommend this product to anyone.","January 22, 2021",2.0
409,"Always a go to,",Maddyk20,"Always a go to, leaves my surfaces feeling and smelling very fresh and clean. A reliable product that occasionally picks up stains or dirt while also disinfecting. Definitely a need right now for everyone","January 22, 2021",5.0
410,Not Available,Thomas,I was disappointed that it did not come in a four pack,"January 22, 2021",3.0
411,Clorox disinfecting wipes,Rosa,"Love that Walmart has this wipes in stock during a pandemic. However, I wish Walmart was more careful with packaging/shipping as these wipes arrived leaking. I let them sit out until dry. Other than that, I would of given this product 5 stars.","January 22, 2021",4.0
412,I used this product,Lorenamb1f5,"I used this product to clean and disinfect countertops and other areas that need to be cleaned. The product is one of my favorites and the smell is not too strong. The wipes clean everything very well, especially with covid still around.","January 21, 2021",5.0
413,Good!,Zeda,I prefer these wipes for most of my chores at home and the delivery from Walmart was on time.,"January 21, 2021",5.0
414,Best cleaning product,Hattie,Been waiting forever for these wipes. They did not disappoint.,"January 21, 2021",5.0
415,Great for disinfecting and cleaning.,Pearlandmom,Received these wipes in a timely manner.  They were a perfect addition to a teachers classroom.,"January 21, 2021",5.0
416,Especially in times like,Ashantig1,"Especially in times like these Clorox wipes are essentially. The only thing is it may be hard to actually get them to the demand being so high. However, they work wonders!","January 21, 2021",5.0
417,Yey!,Madmom,Finally! So happy these these babies back in stock ! I cannot believe my lucky stars! Thanks Walmart!definitely recommend,"January 21, 2021",5.0
418,These disinfecting wipes work,Walmartcustomer,"These disinfecting wipes work amazing I use these all around my house to disinfect my door knobs, restroom, my phone and keys.","January 20, 2021",5.0
419,Not Available,Zoraya,I love it it is my favorite in this time,"January 20, 2021",5.0
420,Packet was damage,Yoselin,It came all spill and wet like if the Clorox came out very disappointed,"January 20, 2021",2.0
421,Not Available,Louise,I hate the smell if you used it to wipe your hands,"January 20, 2021",5.0
422,Not Available,Christine,I use it on every thing. Clorox is a name to trust,"January 20, 2021",5.0
423,Love these wipes! I,Dgraf,"Love these wipes! I use them throughout my kitchen, they're especially great for cleanup after a little one leaves sticky handprints on the cabinets! I love the scent and I love how well they get everything off!","January 20, 2021",5.0
424,I have at least,Mchristinam,I have at least three of these In my home at a time. I use this when I clean and disinfect as much as I can I think this product is amazing.,"January 20, 2021",5.0
425,Not Available,David,great! so hard to find and i glad i did these are the best,"January 20, 2021",5.0
426,Not Available,Gimlet,"arrived on time but leaking , not bad but it was still wet","January 20, 2021",4.0
427,Leaking containers,Martha,Received with wet box and liquid leaking.  Labels all wet and peeled off.  Appears items were mashed.,"January 19, 2021",1.0
428,I love Clorox disinfecting,Lisam337,I love Clorox disinfecting wipes. I use them in my bathroom so I can just throw them away and don't have to worry about washing dirty rags. It keeps everything clean and smelling nice.,"January 19, 2021",5.0
429,Simply the Best... no,Sandyp46,"Simply the Best... no more, no less. Since COVID struck I've been using what I can find. Most stores now have a lot of off brands.","January 19, 2021",5.0
430,How do you even,Aprils114,"How do you even live without these? They are easy for my kids to clean with and they disinfect,  so it is a win win!! I panic whenever we run out...  Clorox Disinfecting Wipes Bleach Free Cleaning Wipes - Crisp Lemon - 75ct","January 19, 2021",5.0
431,These are good at,Sexypea48,These are good at disinfecting but I can't stand the smell. It's so strong! They're also messy when you get to the bottom of the container because those wipes are soaked in the solution and drip everywhere. I don't like getting that stuff on my hands. I much prefer using the spray kind.,"January 19, 2021",3.0
432,These work great I,Ninasbeautyfl,These work great I use them a lot to clean my bathroom they leave a great shine but the bleach smell is so strong in them,"January 19, 2021",5.0
433,"I use at home,",Balee,"I use at home, at the office and in the car.  I have even used on my phone case! They are convenient and cost effective when purchased in a multi pack","January 19, 2021",4.0
434,These wipes are very,Joohee,These wipes are very easy to use and keeps everything clean! I use it for the kitchen and high traffic areas to keep things disinfected. Very useful during these COVID times,"January 19, 2021",5.0
435,Clorox disinfect wipes,None,So glad I could get clorox wipes Thank you Mary P,"January 18, 2021",5.0
436,Our household definitely uses,Styleitbynlc,Our household definitely uses these on an everyday basis. It's super easy to clean bathrooms and counter tops with these wipes. You can clean surface with 1 cloth and it holds its quality. We couldn't live without these!,"January 18, 2021",5.0
437,It dries off quickly,Jananik1,It dries off quickly and has strong smell which I couldn't bare . But cleans and disinfects very well,"January 17, 2021",3.0
438,These are great for,Mandyl5467,These are great for my home and my classroom. With a quick wipe I can assure myself surfaces are safe.,"January 16, 2021",5.0
439,This product is truly,Rocioc29,"This product is truly wonderful I love it it's very very great and cleans so well ,  which I love and they are all just wonderful it's a yes it's a yes yes yes totally recommend will not regret it and it's amazing. You won't regret buying it!","January 16, 2021",5.0
440,I love these wipes.,Mwllr,I love these wipes. They are an absolute staple for any house. They are super effective and do their job very well. I wish the packaging was a little bit more convenient as sometimes they get bunched up. Will definitely buy again.,"January 16, 2021",5.0
441,Not Available,Daisy,Damage,"January 15, 2021",1.0
442,Not Available,Sandi,best product for disinfecting and cleaning,"January 15, 2021",5.0
443,Great product,Pickanese,I keep this in stock so I was prepared when covid 19 happened. Great sanitizer and price is just right.,"January 15, 2021",5.0
444,Horrible when shipped,Angelo,Wipes were leaking and the packaging was damaged.,"January 15, 2021",2.0
445,Not Available,Yvette,Everything was ok minus the fact that the package was already open .,"January 14, 2021",3.0
446,"Superior, for our circumstances.",Susan,"Delivered quick, priced as should be, No hassles, no contamination.","January 14, 2021",5.0
447,Use these on everything!,Mycuratedclosets,Use these on everything! Wiping down all surfaces in my home and my car! It really does it all!,"January 14, 2021",5.0
448,These wipes are exactly,Audreywhoa,These wipes are exactly what you need during a pandemic. I trust these wipes and they have a good smell.,"January 13, 2021",5.0
449,Not Available,Taneesha,Arrived the next day! Great quality and you will receive every that is shown.,"January 12, 2021",5.0
450,These disinfecting wipes are,Kenj3,These disinfecting wipes are perfect for kids to clean their desk as the end of the day. They kill 99.9% viruses and bacteria. Love the fresh smell as we leave daily.,"January 12, 2021",5.0
451,These are sometimes hard,Lizh217,"These are sometimes hard to find being that we are still pushing through this pandemic. When I do find them, I am happy because these are very efficient and easy to use. I can wipe down counters and doorknobs etc and throw away! The smell is clean, not overwhelming. Thanks Clorox!","January 12, 2021",5.0
452,Easy to grab one,Kristahd17c,Easy to grab one out of the container and quickly wipe things down. These get the job done.,"January 12, 2021",5.0
453,These are a great,Brookea60,These are a great product. Good to use for just about anything and leave a nice fresh sent behind.,"January 12, 2021",3.0
454,Not Available,Sophia,Who can go wrong with Clorox wipes right now during the pandemic? I have been lucky enough to be able to stay stocked with wipes so that I can keep my family safe.,"January 12, 2021",5.0
455,Works great and smells,Owingslr,Works great and smells clean. I buy multiples to keep in the house/car/work etc. Good disinfectant that I completely trust.,"January 11, 2021",4.0
456,We use these at,Rachelchloe,We use these at work constantly. I don't feel like many people realize though that the chemicals take about 90 seconds before it works,"January 11, 2021",3.0
457,Every single time we,Walmartcustomer,"Every single time we see them on the shelves we buy them. In the life of covid, carrying the wipes around make me feel cleaner in public. I can focus on disinfecting surfaces myself to protect myself and my family in social situations.","January 11, 2021",5.0
458,These are my favorite,Heatherm401,"These are my favorite quick and easy product to always have on hand. At home I love to use them for wiping down the sides, back and seat of my child's high chair and door handles. I always have some in the car for sanitizing carts before walking into a store.","January 11, 2021",5.0
459,Nice to wipe things,Tracyb68,Nice to wipe things down. Quick and easy to use. I grab a couple to wipe down door handles around the house fairly frequently to prevent getting Covid.,"January 9, 2021",5.0
460,I love the convenience,1aurenmac,I love the convenience of a disinfectant wipe! It just helps keeping things clean after a long day a little easier. I love wiping down my kitchen and bathroom counters with these wipes in between cleanings.,"January 8, 2021",5.0
461,Product needs to be sold to Everyone,Charles,"Great product, badly needed for general population not just health care facilities, business who are overpricing this product for more money","January 8, 2021",5.0
462,"These work great, have",Shevonh,"These work great, have plenty of product on them & don't dry out as easily. This particular scent is good & strong & they clean so well.","January 8, 2021",4.0
463,My favorite go to,Heyitsbritt,"My favorite go to cleaning product because I can use on almost every surface! They don't have a nasty smell and get things super clean and germ free. I can use in my kitchen counter, sinks around bathroom tubs, on the toilets, on walls, doors; overall they are life savers you don't have to spray something that's dangerous for pets or children but you can clean every surface and it looks sparkly clean.","January 7, 2021",5.0
464,I feel good that,Mms526,I feel good that I'm keeping my house clean with these on hand. I question if knock offs have the same claims so try to stick to Clorox if I can.,"January 7, 2021",5.0
465,Always great. I love,Aliciamariedb7cf087,Always great. I love how clean everything feels after using these. I don't always love how chemical it smells,"January 7, 2021",4.0
466,Whoever knew that three,Megvish,"Whoever knew that three year of 2019 would be the year of Clorox wipes, sanitizer and toilet paper. When I find these in stores nowadays it's like striking gold. I love these just to give everything a solid clean. You know these do the job and get rid of the germs.","January 6, 2021",5.0
467,Lucky to Find,Stickvacuumuser,"Hard to find item, but worth the wait and search.","January 6, 2021",5.0
468,"What can I say,",Annemarieok,"What can I say, when there's a potentially killer virus looming you go with the trusted name. And when you're lazy you go with wipes. These don't dry out in the canister and they hold the product instead of the other drippy brands. Luckily I was on auto ship before the hoarding started so my stash lasted a long time. This also doesn't dry out your hands.","January 3, 2021",5.0
469,This is an average,Kimberlyn52,This is an average disinfecting wipe. Thin and not very durable. I buy the off brand to save myself a bit.,"January 3, 2021",4.0
470,Great product,Danyale,Awesome shipping!  Great product,"January 2, 2021",5.0
471,Great,Theodore,"Cleans everything from door knobs to car seats. Kills germs and leaves a good smell, no residue.","January 1, 2021",5.0
472,Nice package,Jennifer,"Was excited when I seen I could get this pack delivered, ahh miss the old days.","January 1, 2021",5.0
473,"I love these wipes,",Heathers27,"I love these wipes, I use them to wipe down almost everything surface wise in my kitchen and on door knobs, the bathroom sinks, i even have a travel sized pack in my purse because, ya know, coronavirus! And they smell okay, much better than the plain ones.","January 1, 2021",5.0
474,Super awesome@to have around,Amandab439,Super awesome@to have around the house especially how this year has been. My only con is that one wipe doesn't get you that far but I always buy these when they're available at the store.,"January 1, 2021",4.0
475,Love them,Katherine,"Love these Clorox wipes, they very necessary during the pandemic and great for any type of surfaces. I can take use this on anything and the smell is very good!","December 31, 2020",5.0
476,Works on COVID19,Lori,Love that these are on official list to kill Covid19!,"December 31, 2020",5.0
477,Easy to use ..fast..disinfectants..id,Karenh179,Easy to use ..fast..disinfectants..id would recommend having one in car and one or 2 in the house so they are always at hand to use especially during these covif times,"December 29, 2020",4.0
478,Keep it clean,Carpetqueen450,Love the convenience and price. For some reason Lysol is hard to find but Chlorox is available.,"December 29, 2020",5.0
479,This is my absolute,Darlenel13,This is my absolute favorite! The smell is wonderful and doesn't leave a streak on the counters. We have grey and black so you can see it but with Clorox you cannot.,"December 28, 2020",5.0
480,Love them so easy,Lizzie_13,Love them so easy to use and they can be use on wood and granites and stainless steel love the fresh scent,"December 28, 2020",5.0
481,Happy to be able to get these!!,Ladivee,"Its so hard to find these products so I felt blessed to get these, my only disappointment was that they had leaked and the containers  were messy when I opened the package, I had to rip off all the labeling.  I assume its the same formula but I had a reaction when using them that I never had before and I use a lot of Clorox products but I will try again maybe using gloves.","December 28, 2020",4.0
482,These are my to,Li22ie,These are my to go to cleaning product. The wipes are at perfect size and with plenty of solution on them.,"December 27, 2020",5.0
483,The one and only,Mntwinsmama1,"The one and only Clorox wipes!  During the pandemic, these wipes have been a staple in most households.  I was lucky enough to have purchased a huge pack of these right before the pandemic.  Clean well and free us of germs!!","December 27, 2020",5.0
484,Not really fit for shipping.,Tampadeb,All three containers leaked in transit. I use to use the 24/7 pre COVID. Now it is so hard to get them. They said I could refund or replace. I asked for replacement now they are out of stock.,"December 27, 2020",3.0
485,Not Available,Queen,Great product and easy to use.,"December 27, 2020",5.0
486,Not Available,Derrick,excellent from  killing germs,"December 26, 2020",4.0
487,Wipes not Perforated,Nancy s,I love the wipes themselves but we got a 4 or 5 pk. and this is the second one the we have to use a scissors to separate. there are no perforations between sheets.,"December 26, 2020",3.0
488,I love this line,Juanar27b4,I love this line of products it cleans and disinfects all surfaces and leaves a fresh scent behind ive been using this for a very long time now and I wouldnt change them.,"December 25, 2020",5.0
489,Items are good paying for shipping NoT,Tahi,I bought this product because I need to. Price is ok but I had to pay shipping or add more items to reach Walmart minimum $35.,"December 25, 2020",3.0
490,After reviewing this item,Mrsstinson,"After reviewing this item I can honestly say I am  truly happy, and thankful! They are so convenient for me and my children!!!!","December 24, 2020",5.0
491,Healthyathome,Lakia,"Better than the competitors, the smell doesnt overpower a living room","December 24, 2020",5.0
492,During this pandemic this,Garciax,During this pandemic this wipes were a life saver. I've been using them to clean my house and they come in handing. Plus they smell good,"December 23, 2020",5.0
493,They're one of my,Araf1,They're one of my favorites because they help you disinfect and you can load them wherever you fence,"December 23, 2020",5.0
494,Not sealed,Babydoll,"All liquid leaked out into box. Need to put a seal in container. Waste of money, Walmart!!","December 23, 2020",1.0
495,Safe cleaning,Walmartcustomer,"Good product. Been around for many , many, years","December 23, 2020",5.0
496,Containers leak,Scott,"Like others, my package arrived wet with the Clorox containers leaking. I'm not sure how effective these will be if most of the disinfecting solution leaked out. That's the stuff that kills the germs.","December 23, 2020",2.0
497,Not Available,Jessica,"Love these! They last long in our vehicles even in the summer heat. To help prevent drying out and from them leaking since they have a lot of liquid in them, I place the container in a zip lock bag. They are thick. They do not tear easily, and I like the fabric type texture.","December 23, 2020",5.0
498,The Clorox Disinfecting Wipes,Brysonf1,"The Clorox Disinfecting Wipes are reasonably priced, but most importantly, they are handy and easy to use especially for a busy college student.  I enjoy the fresh clean scent that is. not being overpowering.  I recommend these wipes to anyone, especially for someone with a busy schedule","December 23, 2020",5.0
499,These are GREAT! I,Unboxing_with_kat,These are GREAT! I love them for quick clean-ups and when I'm too lazy to do a sponge cleaning. They're excellent! Definitely worth when buying in bulk. My only tiny complaint is sometimes they're impossible to push through the opening. Maybe make it a teeny bit larger?,"December 22, 2020",4.0
500,Be Careful,Nadia,I don't know why walmart keeps sending disinfectant any wipes that have clearly been opened. I had ordered baby ganics wipes awhile back and had to return them. I can't trust that they haven't been used or tampered with if they arrive open. there is no foil seal on the inside.,"December 21, 2020",1.0
501,These wipes are essential.,Jaycail,These wipes are essential. During corona virus (especially)!8 have been making sure to wipe my surfaces twice as much as I normally would. These are reliable and a go to!,"December 21, 2020",5.0
502,Clorox is an amazing,Shannonb173,Clorox is an amazing product! This product makes my home feel germ free and has a great scent. I highly commend for individuals who want their home to feel clean!,"December 20, 2020",5.0
503,I always have disinfecting,Chelsead73,I always have disinfecting wipes in my house. Theyre so easy to use and the scent is nice. These are a must-have for me with the pandemic. I would repurchase.,"December 19, 2020",5.0
504,I dont clean my,Desireeo10,I dont clean my counters with anything else. At the beginning of the pandemic they were so hard to find but glad I am able to purchase them now. They keep my counter clean and disinfected without a strong smell.,"December 17, 2020",5.0
505,Clorox disinfecting wipes are,Sindhum6,Clorox disinfecting wipes are great especially during this Covid season. They really helping me in cleaning all my stuffs which comes inside my home. It cleans everywhere from my kitchen counter to toilet pots . Lemon flavor from this product are excellent ones . I recommend this product .,"December 16, 2020",5.0
506,Not Available,Janet,I was so glad to get the CLOROX WIPES.,"December 16, 2020",5.0
507,Love this products. Been,Trangyc,Love this products. Been using for years. Leaving fresh scent and clean. I use it for disinfecting toilet seats.,"December 15, 2020",5.0
508,I love these wipes!,Brandimeiday,"I love these wipes! Unfortunately, they are hard to come by these days! I use these for everythingkitchen, bathroom, car, etc. They make clean up so easy and they leave things with a nice shiny, polished finish.","December 15, 2020",5.0
509,Not Available,Lyric606,Love the wipes in the canisters more than the soft pack. Great buy and lucky find during these times. Good smell and very happy.,"December 15, 2020",5.0
510,Not Available,Jessica,the item is great but all of them came leaking out of all of the containers and into the box getting rid of a good amount of the product that helps with the cleaning.,"December 15, 2020",4.0
511,Not Available,Wendy,"I'm sad to see how many people have had bad experiences during this time when waiting on your hard to find package of wipes is of utmost importance. my own experience so far has been superb with extra measures to secure bottles of cleaning supplies and all my wipes have come intact. the only thing is 3 packages have gotten delivered to the wrong address in my big building. when it says ""delivered"" I go down and don't see them and go out to the courtyard to the other parts of the building and have found them there. I shouldn't have to do that, but I need my orders.","December 15, 2020",5.0
512,The fresh scent is,Ajd8,"The fresh scent is the only one I use, it leaves the spot very clean, it is very effective and I wouldnt improve anything about it. Kills germs and keeps it clean","December 13, 2020",5.0
513,I trully feel they,Yeraldina4,I trully feel they disinfect and clean very nicely . I clean my desk and tables with this and it leaves it shiny and clean with a fresh smell. One of the best disinfectants clorox thats why i trust this wipes.,"December 13, 2020",5.0
514,Kills germs,Tyler,Good as always! Kills germs,"December 6, 2020",5.0
515,Not Available,Doedramontana,These are great cleaning wipes! They truly do clean your area well. They smell great!,"December 4, 2020",5.0
516,Great Product.,Octoberbaby79,I have been purchasing this product for months and it has not disappoint. This item disinfects surfaces and it smells great. The item is portable which makes it travel friendly. The product can be used anywhere. It gives you the comfort of cleanliness and protection. I will definitely will recommend during this time.,"December 2, 2020",5.0
517,Not Available,Christinaa110,"I love these wipes. I wipe everything down with them from the kitchen, to the bathroom, to my door knows! Higy suggest","December 1, 2020",5.0
518,Not Available,Higgy2132,"It definitely cleans and disinfect, but the bleach smell kinda bothers me. Besides the bleach smell, which you can literally smell it for hours in your nose, the fresh scent is a nice pleasant scent.","December 1, 2020",3.0
